Country,Homicides 
Afghanistan,"3,217"
Albania,103
Algeria,713
Angola,"2,928"
Antigua and Barbuda,2
Argentina,"2,712"
Armenia,112
Australia,243
Austria,47
Azerbaijan,252
Bahamas,148
Bahrain,5
Bangladesh,"4,623"
Barbados,32
Belarus,255
Belgium,149
Belize,146
Benin,726
Bhutan,18
Bolivia,"1,097"
Bosnia and Herzegovina,49
Botswana,389
Brazil,"68,779"
Brunei,3
Bulgaria,84
Burkina Faso,"1,943"
Burundi,760
Cambodia,347
Cameroon,"1,666"
Canada,605
Cape Verde,73
Central African Republic,"1,009"
Chad,"1,430"
Chile,744
China,"11,115"
Colombia,"19,268"
Comoros,63
Congo,539
Costa Rica,635
Cote d'Ivoire,"2,955"
Croatia,45
Cuba,584
Cyprus,15
Czechia,66
Democratic Republic of Congo,"11,120"
Denmark,63
Djibouti,64
Dominican Republic,"1,917"
Ecuador,"1,210"
Egypt,"4,165"
El Salvador,"5,485"
Equatorial Guinea,45
Eritrea,384
Estonia,28
Eswatini,212
Ethiopia,"8,076"
Fiji,19
Finland,64
France,538
Gabon,184
Gambia,195
Georgia,90
Germany,769
Ghana,"1,857"
Greece,104
Grenada,7
Guatemala,"4,411"
Guinea,"1,128"
Guinea-Bissau,173
Guyana,194
Haiti,"2,330"
Honduras,"6,520"
Hungary,135
Iceland,4
India,"51,767"
Indonesia,"11,606"
Iran,"2,535"
Iraq,"5,658"
Ireland,38
Israel,104
Italy,408
Jamaica,"1,484"
Japan,266
Jordan,269
Kazakhstan,949
Kenya,"2,942"
Kiribati,6
Kuwait,75
Kyrgyzstan,294
Laos,475
Latvia,94
Lebanon,285
Lesotho,924
Liberia,477
Libya,145
Lithuania,132
Luxembourg,3
Madagascar,"1,749"
Malawi,406
Malaysia,869
Maldives,10
Mali,"2,095"
Malta,4
Mauritania,491
Mauritius,30
Mexico,"32,450"
Micronesia (country),5
Moldova,167
Mongolia,197
Montenegro,18
Morocco,632
Mozambique,"1,113"
Myanmar,"2,124"
Namibia,450
Nepal,704
Netherlands,107
New Zealand,57
Nicaragua,619
Niger,"2,244"
Nigeria,"18,407"
North Korea,"1,082"
North Macedonia,31
Norway,32
Oman,34
Pakistan,"12,925"
Panama,730
Papua New Guinea,969
Paraguay,566
Peru,"3,013"
Philippines,"14,835"
Poland,294
Portugal,96
Qatar,14
Romania,255
Russia,"11,450"
Rwanda,548
Saint Lucia,37
Saint Vincent and the Grenadines,32
Samoa,6
Sao Tome and Principe,12
Saudi Arabia,646
Senegal,"1,247"
Serbia,108
Seychelles,14
Sierra Leone,618
Singapore,15
Slovakia,59
Slovenia,19
Solomon Islands,26
Somalia,828
South Africa,"21,000"
South Korea,386
South Sudan,"1,584"
Spain,262
Sri Lanka,499
Sudan,"2,478"
Suriname,34
Sweden,113
Switzerland,42
Syria,444
Tajikistan,170
Tanzania,"4,713"
Thailand,"2,965"
Timor,60
Togo,723
Tonga,4
Trinidad and Tobago,549
Tunisia,410
Turkey,"4,010"
Turkmenistan,169.00
Uganda,"6,175.00"
Ukraine,"2,765.00"
United Arab Emirates,70.00
United Kingdom,868.00
United States,"18,976.00"
Uruguay,295.00
Uzbekistan,485.00
Vanuatu,7.00
Venezuela,"18,132.00"
Vietnam,"1,785.00"
World,"474,691.00"
Yemen,"2,839.00"
Zambia,"1,153.00"
Zimbabwe,"1,916.00"