Country,Alcohol Consumption,GDP,Christian,Muslim,Irreligion,Hindu,Buddhist,Folk religion,Other religion,Jewish,Democracy,Education,Wine,Year,Depression,Tobacco Use,Homicides
Afghanistan,0.21,555.14,0.01,99.7,0.0,0,0.0,0.0,0.06,0.0,0.29,2.76,0.0,2019,321.0,0.23800000000000002,258.03968253968253
Albania,7.17,4544.52,18.0,80.3,1.4,0,0.0,0.0,0.2,0.0,0.21,11.29,15925.0,2019,321.0,,103.0
Algeria,0.95,4115.4,1.0,98.0,1.8,0,0.0,0.2,0.0,0.8,0.18,8.07,20830.0,2019,321.0,0.21,713.0
Andorra,11.02,39003.38,89.5,0.8,8.8,0.50%,0.0,0.0,0.1,0.3,0.0,10.56,0.0,2019,321.0,0.32,258.03968253968253
Angola,6.94,3458.65,90.5,1.0,5.1,0,0.0,4.2,0.0,0.0,0.2,5.42,0.0,2019,321.0,,258.03968253968253
Antigua and Barbuda,6.38,16786.45,93.0,0.6,1.7,0.20%,0.0,3.6,1.0,0.0,0.0,9.29,0.0,2019,321.0,,2.0
Argentina,9.65,12712.97,85.2,1.0,12.2,0.00%,0.05,0.8,0.3,0.5,0.57,11.15,1301947.0,2019,321.0,0.249,258.03968253968253
Armenia,5.55,4350.47,98.5,0.0,1.3,0,0.0,0.0,0.1,0.0,0.68,11.28,12750.0,2019,321.0,0.258,112.0
Australia,10.51,58781.05,43.9,3.2,38.9,2.70%,2.4,1.3,0.8,0.4,0.77,12.66,1197000.0,2019,321.0,0.14,243.0
Austria,11.96,46669.75,68.2,8.3,13.5,0,0.2,0.0,0.1,0.0,0.71,12.26,0.0,2019,321.0,0.271,47.0
Azerbaijan,4.41,5348.27,3.0,96.9,0.0,0,0.0,0.0,0.0,0.0,0.05,10.54,8773.0,2019,321.0,0.242,252.0
Bahamas,4.78,32136.76,96.0,0.1,3.1,0.00%,0.0,0.3,0.3,0.0,0.0,12.64,0.0,2019,321.0,0.107,148.0
Bahrain,1.09,21317.33,14.5,70.3,1.9,9.8,2.5,0.0,0.2,0.6,0.04,10.8,0.0,2019,321.0,0.152,5.0
Bangladesh,0.02,1603.95,0.3,91.04,0.0,7.95,0.61,0.4,0.12,0.0,0.11,6.55,0.0,2019,321.0,0.35200000000000004,258.03968253968253
Barbados,9.69,16800.21,95.2,1.0,1.9,0.40%,0.0,0.0,1.4,0.0,0.67,9.85,0.0,2019,321.0,0.085,32.0
Belarus,11.45,6264.86,71.2,0.2,28.6,0.00%,0.0,0.0,0.0,0.0,0.11,12.14,33970.0,2019,321.0,0.309,255.0
Belgium,11.08,43071.11,64.25,5.9,29.0,0,0.2,0.2,0.0,0.3,0.81,12.38,0.0,2019,321.0,0.239,149.0
Belize,6.22,4701.04,87.6,0.1,8.9,0.20%,0.5,1.5,0.1,1.0,0.0,9.01,0.0,2019,321.0,0.08800000000000001,146.0
Benin,2.81,1201.56,48.0,28.0,6.0,0,0.0,18.0,0.0,0.0,0.34,4.3,0.0,2019,321.0,0.07200000000000001,726.0
Bhutan,0.43,3238.06,0.0,0.0,0.0,25,74.7,1.9,0.0,0.0,0.53,5.17,0.0,2019,321.0,,18.0
Bolivia,4.43,3317.37,93.9,0.0,4.1,0.00%,0.0,0.9,1.0,0.0,0.39,9.86,7054.0,2019,321.0,0.132,258.03968253968253
Bosnia and Herzegovina,7.15,5578.27,45.9,50.7,2.5,0,0.0,0.0,0.0,0.0,0.33,10.17,6042.0,2019,321.0,0.355,49.0
Botswana,6.59,7027.05,72.1,0.4,20.6,0.3,0.0,6.0,0.6,0.0,0.56,10.34,0.0,2019,321.0,0.198,389.0
Brazil,7.42,8638.28,95.9,0.02,7.9,0.00%,0.1,2.8,0.2,0.06,0.4,8.13,378772.0,2019,321.0,0.132,258.03968253968253
Brunei,0.48,30646.11,9.4,75.1,0.4,0.5,8.6,6.2,0.1,0.0,0.0,9.18,0.0,2019,321.0,0.162,3.0
Bulgaria,12.65,8234.78,64.7,9.8,15.9,0,0.0,0.03,0.1,9.5,0.49,11.36,0.0,2019,321.0,0.39399999999999996,84.0
Burkina Faso,12.03,738.22,22.5,62.0,0.4,0,0.0,15.4,0.0,0.0,0.59,2.11,0.0,2019,321.0,0.149,258.03968253968253
Burundi,7.19,278.32,91.5,10.0,0.0,0,0.0,5.7,0.0,0.0,0.04,3.13,0.0,2019,321.0,0.122,760.0
Cambodia,6.64,1441.18,0.4,2.0,0.2,0.1,96.9,0.6,0.0,0.0,0.07,5.09,0.0,2019,321.0,0.21899999999999997,347.0
Cameroon,5.65,1449.28,70.3,30.0,5.3,0,0.0,3.3,2.7,0.0,0.15,6.15,0.0,2019,321.0,0.075,258.03968253968253
Canada,8.94,45109.25,72.0,2.1,23.7,1.40%,0.8,1.2,0.9,1.0,0.77,13.83,69196.0,2019,321.0,0.136,605.0
Cape Verde,5.6,3482.45,89.1,2.0,9.1,0,0.0,1.5,0.2,0.0,0.61,6.29,0.0,2019,321.0,0.11699999999999999,73.0
Central African Republic,2.38,418.32,89.5,15.0,1.0,0,0.0,1.0,0.0,0.0,0.23,4.33,0.0,2019,321.0,,258.03968253968253
Chad,1.37,660.07,40.6,58.0,2.5,0,0.0,1.4,0.1,0.0,0.13,2.57,0.0,2019,321.0,0.085,258.03968253968253
Chile,9.07,13866.96,89.4,0.0,8.6,0.00%,0.06,1.5,0.2,0.1,0.78,10.93,1193876.0,2019,321.0,0.299,744.0
China,7.05,10155.42,0.0,0.0,0.0,0,0.0,0.0,0.0,0.0,0.13,7.6,2065561.0,2019,321.0,0.257,258.03968253968253
Colombia,5.74,6390.37,86.0,0.2,11.0,0.01%,0.01,1.0,2.0,0.01,0.45,8.64,2572.0,2019,321.0,0.08800000000000001,258.03968253968253
Comoros,0.69,1284.29,0.2,99.8,0.0,0,0.0,0.0,0.0,0.0,0.25,5.08,0.0,2019,321.0,0.20800000000000002,63.0
Congo,9.27,1792.31,85.9,2.0,9.0,0,0.0,2.8,1.1,0.0,0.19,6.17,0.0,2019,321.0,0.14300000000000002,539.0
Costa Rica,4.87,12735.09,90.9,0.0,7.9,0.00%,0.0,0.8,0.3,0.0,0.84,8.76,0.0,2019,321.0,0.091,635.0
Cote d'Ivoire,2.71,2327.75,0.0,0.0,0.0,0,0.0,0.0,0.0,0.0,0.46,5.2,0.0,2019,321.0,0.09699999999999999,258.03968253968253
Croatia,9.23,14068.04,87.46,1.32,6.39,0,0.0,0.0,1.87,3.86,0.55,12.19,0.0,2019,321.0,0.36700000000000005,45.0
Cuba,5.83,8031.04,59.2,0.0,23.0,0.20%,0.0,17.4,0.0,0.0,0.11,12.5,10600.0,2019,321.0,0.187,584.0
Cyprus,10.81,28211.06,73.2,25.3,1.2,0,0.2,0.0,0.0,0.0,0.72,12.36,0.0,2019,321.0,0.355,15.0
Czechia,14.45,20202.15,0.0,0.0,0.0,0,0.0,0.0,0.0,0.0,0.64,12.87,68000.0,2019,321.0,0.309,66.0
Democratic Republic of Congo,2.0,512.59,95.8,1.9,1.8,0.05,0.0,0.7,0.1,3e-05,0.26,7.02,0.0,2019,321.0,0.13,258.03968253968253
Denmark,10.26,57553.13,83.5,4.1,11.8,0.40%,0.2,0.0,0.0,0.0,0.87,12.91,0.0,2019,321.0,0.18100000000000002,63.0
Djibouti,0.43,3278.53,2.3,96.9,0.2,0,0.0,0.3,0.0,0.2,0.14,4.1,0.0,2019,321.0,,64.0
Dominica,11.18,7914.14,94.4,0.1,0.5,0.00%,0.1,3.0,1.7,0.0,0.0,8.14,0.0,2019,321.0,,258.03968253968253
Dominican Republic,6.68,8314.34,88.0,0.0,10.9,0.00%,0.0,0.9,0.1,0.0,0.37,9.31,0.0,2019,321.0,0.109,258.03968253968253
East Asia and Pacific,6.43,11188.99,0.0,0.0,0.0,0,0.0,0.0,0.0,0.0,0.0,,0.0,2019,321.0,,258.03968253968253
Ecuador,4.2,5853.81,94.1,0.0,5.5,0.00%,0.0,0.3,0.0,0.0,0.5,8.8,0.0,2019,321.0,0.11599999999999999,258.03968253968253
Egypt,0.36,3964.99,11.2,88.9,0.0,0,0.0,0.0,0.0,0.1,0.11,9.57,5413.0,2019,321.0,0.244,258.03968253968253
El Salvador,3.89,3993.53,88.2,0.0,11.0,0.00%,0.0,0.5,0.3,0.0,0.34,7.11,0.0,2019,321.0,0.083,258.03968253968253
Equatorial Guinea,7.23,7373.6,88.7,10.0,5.0,0,0.0,1.7,0.5,0.0,0.06,5.91,0.0,2019,321.0,,45.0
Eritrea,1.44,13645.717828282824,50.0,48.0,0.1,0,0.0,0.4,0.0,0.0,0.03,4.89,0.0,2019,321.0,0.077,384.0
Estonia,9.23,20408.44,39.9,0.2,59.6,0.00%,0.0,0.0,0.0,0.1,0.78,13.6,0.0,2019,321.0,0.305,28.0
Eswatini,10.04,3833.25,88.1,2.0,10.1,0.1,0.0,1.0,0.4,0.0,0.07,5.6,0.0,2019,321.0,0.09300000000000001,212.0
Ethiopia,2.36,799.8,54.0,42.6,0.06,0,0.0,2.6,0.0,1.0,0.31,3.2,743.0,2019,321.0,0.052000000000000005,258.03968253968253
Europe and Central Asia,9.76,24294.52,0.0,0.0,0.0,0,0.0,0.0,0.0,0.0,0.0,,0.0,2019,321.0,,258.03968253968253
European Union,11.44,33028.28,0.0,0.0,0.0,0,0.0,0.0,0.0,0.0,0.0,,0.0,2019,321.0,,258.03968253968253
Fiji,3.32,5869.02,64.4,6.4,0.8,27.90%,0.0,0.0,0.5,0.0,0.3,10.92,0.0,2019,321.0,0.23399999999999999,19.0
Finland,10.78,46135.08,81.6,0.8,17.6,0.00%,0.0,0.0,0.0,0.0,0.8,12.87,0.0,2019,321.0,0.222,64.0
France,12.33,38912.33,63.0,7.5,28.0,0.05,0.5,0.3,0.2,0.5,0.8,11.61,4165524.0,2019,321.0,0.336,538.0
Gabon,8.74,7116.08,76.5,11.2,5.6,0,0.0,6.0,0.7,0.0,0.28,9.44,0.0,2019,321.0,,184.0
Gambia,3.55,714.08,0.0,0.0,0.0,0,0.0,0.0,0.0,0.0,0.38,4.49,0.0,2019,321.0,0.11599999999999999,195.0
Georgia,8.25,4773.42,88.5,10.7,0.7,0.00%,0.0,0.0,0.0,0.0,0.52,12.82,138060.0,2019,321.0,0.317,90.0
Germany,12.91,43329.05,68.7,5.8,24.7,0,0.3,0.3,0.1,0.0,0.84,14.09,0.0,2019,321.0,0.225,769.0
Ghana,2.75,2053.59,74.9,17.8,4.2,0,0.0,4.9,0.2,0.0,0.6,8.33,0.0,2019,321.0,0.036000000000000004,258.03968253968253
Greece,10.18,19003.83,88.1,5.3,6.1,0.10%,0.0,0.0,0.0,0.0,0.75,11.12,280336.0,2019,321.0,0.345,104.0
Grenada,9.48,10133.13,96.6,0.3,1.0,0.70%,0.0,1.3,0.2,0.0,0.0,9.03,0.0,2019,321.0,,7.0
Guatemala,2.45,4254.04,95.2,0.0,4.1,0.00%,0.0,0.6,0.07,0.0,0.32,5.68,0.0,2019,321.0,0.11,258.03968253968253
Guinea,1.11,945.77,10.9,84.4,1.8,0,0.0,2.7,0.0,0.0,0.14,2.2,0.0,2019,321.0,,258.03968253968253
Guinea-Bissau,5.38,650.07,20.0,45.2,4.0,0,0.0,28.0,0.0,0.0,0.24,3.58,0.0,2019,321.0,0.09300000000000001,173.0
Guyana,6.89,6478.29,66.0,6.4,2.0,27.90%,0.0,0.2,0.6,0.0,0.48,8.57,0.0,2019,321.0,0.126,194.0
Haiti,2.73,1373.88,86.9,0.0,10.6,0.00%,0.0,2.2,0.3,0.0,0.26,5.55,0.0,2019,321.0,0.079,258.03968253968253
High income,9.78,43097.5,0.0,0.0,0.0,0,0.0,0.0,0.0,0.0,0.0,,0.0,2019,321.0,,258.03968253968253
Honduras,3.76,2482.12,87.6,0.1,10.5,0.00%,0.1,1.1,0.6,0.0,0.27,7.09,0.0,2019,321.0,,258.03968253968253
Hungary,11.35,15041.1,81.0,0.0,18.6,0,0.0,0.1,0.0,0.0,0.28,12.16,306200.0,2019,321.0,0.322,135.0
Iceland,9.12,57818.86,95.0,0.2,3.5,0.30%,0.4,0.5,0.2,0.0,0.8,13.73,0.0,2019,321.0,0.126,4.0
India,5.54,1972.76,2.3,14.23,0.24,79.8,0.7,0.0,1.04,1.72,0.3,6.66,0.0,2019,321.0,0.281,258.03968253968253
Indonesia,0.57,3877.38,10.53,83.91,3.04,1.69,0.73,0.04,0.02,0.0,0.55,8.36,0.0,2019,321.0,0.37200000000000005,258.03968253968253
Iran,1.03,4785.03,0.4,96.5,1.5,0,0.0,0.0,1.6,0.0,0.15,10.64,0.0,2019,321.0,0.14,258.03968253968253
Iraq,0.39,5154.28,0.8,99.0,0.1,0,0.0,0.0,0.06,0.0,0.27,7.91,0.0,2019,321.0,0.188,258.03968253968253
Ireland,12.88,75143.02,85.14,1.32,10.12,0.29,0.2,0.0,0.2,0.05,0.8,11.58,0.0,2019,321.0,0.214,38.0
Israel,4.21,38995.23,2.0,18.6,3.1,0,0.3,0.2,0.1,75.6,0.54,13.34,2719.0,2019,321.0,0.21600000000000003,104.0
Italy,7.84,32090.99,83.3,3.7,12.4,0.10%,0.2,0.1,0.1,0.08,0.79,10.65,4922500.0,2019,321.0,0.233,408.0
Jamaica,4.22,5065.38,77.2,0.0,17.2,0.00%,0.0,4.5,1.0,0.0,0.7,9.15,0.0,2019,321.0,0.09699999999999999,258.03968253968253
Japan,7.96,36362.36,1.6,0.2,57.0,0.04,36.2,0.4,4.7,0.0,0.74,13.37,82956.0,2019,321.0,0.205,266.0
Jordan,0.69,4133.55,2.2,97.2,0.0,0.1,0.4,0.0,0.0,0.0,0.22,10.4,419.0,2019,321.0,0.34600000000000003,269.0
Kazakhstan,4.76,11402.76,24.8,70.4,4.2,0.01,0.2,0.3,0.1,0.0,0.12,12.35,44479.0,2019,321.0,0.235,949.0
Kenya,2.78,1600.13,84.8,9.7,2.5,0.1,0.0,1.7,1.2,0.0,0.39,6.65,0.0,2019,321.0,0.115,258.03968253968253
Kiribati,0.46,1664.51,97.0,0.2,0.8,0.00%,0.0,0.0,2.0,0.0,0.0,7.98,0.0,2019,321.0,0.41700000000000004,6.0
Kuwait,0.0,27156.47,14.3,74.1,0.0,8.5,2.8,0.0,0.3,0.0,0.29,7.33,0.0,2019,321.0,0.179,75.0
Kyrgyzstan,6.26,1226.82,11.4,88.0,0.4,0.01,0.0,0.1,0.0,0.0,0.28,11.37,3797.0,2019,321.0,0.276,294.0
Laos,10.72,2579.25,1.5,0.0,0.9,0.01,66.0,30.7,0.7,0.0,0.07,5.37,0.0,2019,321.0,0.325,475.0
Latin America and Caribbean,6.33,8657.48,0.0,0.0,0.0,0,0.0,0.0,0.0,0.0,0.0,,0.0,2019,321.0,,258.03968253968253
Latvia,12.77,16056.04,55.8,0.1,43.8,0.00%,0.0,0.0,0.2,0.0,0.69,13.25,0.0,2019,321.0,0.37200000000000005,94.0
Lebanon,1.71,6823.1,47.3,55.3,0.3,0,0.2,0.0,0.0,0.0,0.33,8.72,8887.0,2019,321.0,0.384,285.0
Lesotho,4.59,1096.22,96.7,0.1,3.1,0,0.0,0.1,0.0,0.0,0.5,6.01,0.0,2019,321.0,0.244,924.0
Liberia,6.12,650.41,85.9,20.0,1.4,0,0.0,0.5,0.1,0.0,0.4,5.08,0.0,2019,321.0,0.084,477.0
Libya,0.02,5971.85,2.7,96.6,0.2,0,0.3,0.0,0.0,0.0,0.24,7.6,0.0,2019,321.0,,145.0
Lithuania,13.22,17241.26,89.8,0.1,10.0,0.00%,0.0,0.0,0.0,0.0,0.66,13.39,0.0,2019,321.0,0.32299999999999995,132.0
Low and middle income,5.43,4987.45,0.0,0.0,0.0,0,0.0,0.0,0.0,0.0,0.0,,0.0,2019,321.0,,258.03968253968253
Low income,3.2,735.67,0.0,0.0,0.0,0,0.0,0.0,0.0,0.0,0.0,,0.0,2019,321.0,,258.03968253968253
Lower middle income,4.43,2373.08,0.0,0.0,0.0,0,0.0,0.0,0.0,0.0,0.0,,0.0,2019,321.0,,258.03968253968253
Luxembourg,12.94,108570.03,70.4,2.3,26.8,0,0.0,0.0,0.3,0.1,0.83,13.02,0.0,2019,321.0,0.21600000000000003,3.0
Madagascar,1.97,488.94,85.3,3.0,6.9,0.05,0.0,4.5,0.1,0.0,0.3,5.12,7917.0,2019,321.0,0.284,258.03968253968253
Malawi,3.63,401.39,82.7,13.0,2.5,0,0.0,1.7,0.0,0.0,0.37,4.49,0.0,2019,321.0,0.113,406.0
Malaysia,0.85,11414.58,9.2,63.2,0.7,6.5,17.7,2.3,0.2,0.0,0.37,10.65,0.0,2019,321.0,0.228,869.0
Maldives,2.22,10197.09,0.0,100.0,0.0,0,0.0,0.0,0.0,0.0,0.34,7.32,0.0,2019,321.0,0.259,10.0
Mali,1.28,815.38,3.2,95.0,0.6,0,0.0,1.2,0.0,0.0,0.39,2.31,0.0,2019,321.0,0.086,258.03968253968253
Malta,7.99,27489.42,97.0,0.2,2.5,0.20%,0.0,0.0,0.0,0.0,0.62,12.03,0.0,2019,321.0,0.245,4.0
Mauritania,0.04,1620.99,0.1,99.9,0.0,0,0.0,0.0,0.0,0.0,0.29,4.92,0.0,2019,321.0,0.111,491.0
Mauritius,4.35,10643.77,25.3,16.7,0.6,56.4,0.0,0.7,0.3,0.0,0.69,10.43,4114.0,2019,321.0,0.205,30.0
Mexico,5.0,9820.45,95.1,0.01,4.7,0.00%,0.07,0.06,0.02,0.06,0.41,9.08,36640.0,2019,321.0,0.134,258.03968253968253
Micronesia (country),2.48,2921.15,0.0,0.0,0.0,0,0.0,0.0,0.0,0.0,0.0,7.8,0.0,2019,321.0,,5.0
Middle East and North Africa,0.81,7397.4,0.0,0.0,0.0,0,0.0,0.0,0.0,0.0,0.0,,0.0,2019,321.0,,258.03968253968253
Middle income,5.62,5462.79,0.0,0.0,0.0,0,0.0,0.0,0.0,0.0,0.0,,0.0,2019,321.0,,258.03968253968253
Moldova,11.43,3435.48,97.4,0.6,1.4,0,0.0,0.6,0.0,0.0,0.36,11.82,182700.0,2019,321.0,0.287,167.0
Mongolia,8.19,4394.99,2.3,3.2,35.9,0.01,55.1,3.5,0.0,0.0,0.55,9.49,282.0,2019,321.0,0.29600000000000004,197.0
Montenegro,11.47,7680.74,78.1,18.7,3.2,0,0.0,0.0,0.0,0.0,0.35,12.18,13045.0,2019,321.0,0.318,18.0
Morocco,0.69,3044.91,0.06,99.9,0.0,0,0.0,0.0,0.01,0.04,0.25,5.92,41773.0,2019,321.0,0.149,632.0
Mozambique,2.3,598.81,56.7,18.0,17.9,0,0.0,7.4,0.0,0.0,0.27,3.2,0.0,2019,321.0,0.14800000000000002,258.03968253968253
Myanmar,5.12,1548.46,7.6,4.0,0.5,2.1,80.0,5.8,0.2,0.0,0.34,6.38,0.0,2019,321.0,0.451,258.03968253968253
Namibia,5.43,4506.17,97.5,0.3,1.9,0,0.0,0.2,0.0,0.0,0.51,7.19,0.0,2019,321.0,0.155,450.0
Nauru,3.71,8325.9,79.0,0.01,4.5,0.00%,1.1,8.1,7.4,0.0,0.0,8.909257425742572,0.0,2019,280.0,0.49200000000000005,258.03968253968253
Nepal,2.05,1069.79,0.45,4.6,0.0,84,10.0,3.7,0.07,0.0,0.4,5.12,0.0,2019,321.0,0.315,704.0
Netherlands,9.61,48443.73,50.6,6.0,42.1,0.5,0.2,0.2,0.2,0.2,0.81,12.45,0.0,2019,321.0,0.226,107.0
New Zealand,10.63,40315.47,37.0,1.31,48.47,2.63%,1.12,0.4,3.27,0.11,0.78,13.04,297400.0,2019,321.0,0.142,57.0
Nicaragua,5.18,1984.82,85.8,0.0,12.5,0.00%,0.0,1.4,0.1,0.0,0.03,7.14,0.0,2019,321.0,,619.0
Niger,0.67,523.88,0.8,98.4,0.7,0,0.0,0.0,0.0,0.0,0.49,2.12,0.0,2019,321.0,0.076,258.03968253968253
Nigeria,10.84,2502.65,38.23,61.34,0.04,0,0.01,1.0,0.06,0.0,0.37,7.18,0.0,2019,321.0,0.039,258.03968253968253
North America,9.77,59229.07,0.0,0.0,0.0,0,0.0,0.0,0.0,0.0,0.46,8.909257425742572,2699960.0,2019,321.0,,258.03968253968253
North Korea,3.8,13645.717828282824,2.0,0.0,71.3,0,1.5,12.3,12.9,0.0,0.01,8.909257425742572,0.0,2019,321.0,0.17800000000000002,258.03968253968253
North Macedonia,6.16,5386.2,0.0,0.0,0.0,0,0.0,0.0,0.0,0.0,0.45,10.06,90624.0,2019,321.0,,31.0
Norway,7.41,76005.23,84.7,3.7,10.1,0.50%,0.6,0.0,0.2,0.0,0.86,13.0,0.0,2019,321.0,0.171,32.0
Oman,0.78,16694.13,6.5,85.9,0.2,5.5,0.8,0.0,1.0,0.0,0.07,11.23,0.0,2019,321.0,0.079,34.0
Pakistan,0.34,1489.65,1.27,96.47,0.0,2.14,0.0,0.0,0.01,0.01,0.3,4.54,0.0,2019,321.0,0.20800000000000002,258.03968253968253
Panama,7.98,15073.0,93.0,0.7,4.8,0.00%,0.2,0.4,0.4,0.4,0.59,10.54,95.0,2019,321.0,0.053,730.0
Papua New Guinea,1.39,2816.72,99.2,0.0,0.0,0.00%,0.0,0.4,0.2,0.0,0.25,4.74,0.0,2019,321.0,0.39899999999999997,969.0
Paraguay,7.58,5774.17,96.9,0.0,1.1,0.00%,0.0,1.7,0.2,0.0,0.38,8.81,1831.0,2019,321.0,0.121,566.0
Peru,6.38,6611.49,93.0,0.0,6.5,0.00%,0.2,1.0,0.3,0.0,0.59,9.89,82000.0,2019,321.0,0.087,258.03968253968253
Philippines,6.86,3664.79,85.0,5.5,0.1,0.01,1.5,1.5,0.1,0.03,0.39,8.97,0.0,2019,321.0,0.23399999999999999,258.03968253968253
Poland,11.71,15016.67,94.3,0.0,5.6,0,0.0,0.0,0.0,0.0,0.42,13.12,0.0,2019,321.0,0.247,294.0
Portugal,12.03,21617.41,93.8,0.6,4.4,0.10%,0.6,0.5,0.0,0.0,0.84,9.33,634885.0,2019,321.0,0.253,96.0
Qatar,1.59,59098.53,14.2,65.5,0.9,15.1,3.1,0.0,0.7,0.0,0.1,10.0,0.0,2019,321.0,0.12,14.0
Romania,11.74,11221.71,84.82,0.31,0.68,0,0.0,0.01,0.12,13.04,0.34,11.28,0.0,2019,321.0,0.284,255.0
Russia,11.19,9942.37,73.3,10.0,16.2,0.00%,0.1,0.2,0.0,0.2,0.13,12.77,460000.0,2019,321.0,0.271,258.03968253968253
Rwanda,8.95,885.6,93.4,4.8,3.6,0,0.0,1.0,0.2,0.0,0.22,4.43,0.0,2019,321.0,0.141,548.0
Saint Kitts and Nevis,8.94,21516.8,94.6,0.3,1.6,1.50%,0.0,1.3,0.8,0.0,0.0,8.66,0.0,2019,321.0,,258.03968253968253
Saint Lucia,10.6,10914.5,91.1,0.1,6.0,0.30%,0.0,0.5,2.0,0.0,0.0,8.55,0.0,2019,321.0,,37.0
Saint Vincent and the Grenadines,9.06,7219.89,88.7,1.5,2.5,3.40%,0.0,2.0,2.0,0.0,0.0,10.83,0.0,2019,321.0,,32.0
Samoa,2.66,4502.93,96.8,0.1,2.5,0.00%,0.0,0.0,0.3,0.0,0.0,11.43,0.0,2019,321.0,0.259,6.0
Sao Tome and Principe,5.88,1672.9,0.0,0.0,0.0,0,0.0,0.0,0.0,0.0,0.54,6.22,0.0,2019,321.0,0.057999999999999996,12.0
Saudi Arabia,0.19,19801.88,4.4,93.0,0.7,1.1,0.3,0.3,0.3,0.0,0.05,10.95,0.0,2019,321.0,0.142,646.0
Senegal,0.76,1381.6,5.0,92.0,0.2,0,0.0,2.8,0.0,0.0,0.6,2.94,0.0,2019,321.0,0.071,258.03968253968253
Serbia,8.75,6567.91,92.5,4.2,3.3,0,0.0,0.0,0.0,0.0,0.23,11.37,30184.0,2019,321.0,0.401,108.0
Seychelles,20.5,15913.95,94.0,1.1,2.1,2.1,0.0,0.0,0.6,0.0,0.43,10.28,0.0,2019,321.0,0.20600000000000002,14.0
Sierra Leone,5.7,649.76,21.0,78.0,0.1,0,0.0,1.0,0.0,0.0,0.49,4.58,0.0,2019,321.0,0.14300000000000002,618.0
Singapore,2.03,61173.91,18.2,14.3,16.4,6,33.9,2.3,9.7,0.0,0.33,11.85,0.0,2019,321.0,0.166,15.0
Slovakia,11.14,18167.48,68.8,0.1,23.8,0.02,0.1,0.04,0.7,6.5,0.65,12.91,0.0,2019,321.0,0.315,59.0
Slovenia,11.9,24071.28,78.4,3.6,18.0,0,0.0,0.0,0.0,0.0,0.7,12.8,0.0,2019,321.0,0.223,19.0
Solomon Islands,1.83,2289.59,97.4,0.1,0.2,0.00%,0.3,1.3,0.7,0.0,0.36,5.71,0.0,2019,321.0,0.368,26.0
Somalia,0.01,446.85,0.01,99.8,0.0,0,0.0,0.0,0.0,0.0,0.1,8.909257425742572,0.0,2019,321.0,,828.0
South Africa,9.52,6125.74,81.2,2.0,14.9,1.7,0.2,0.4,0.3,0.1,0.62,11.37,973500.0,2019,321.0,0.204,258.03968253968253
South Asia,4.33,1869.22,0.0,0.0,0.0,0,0.0,0.0,0.0,0.0,0.0,,0.0,2019,321.0,,258.03968253968253
South Korea,9.7,31640.21,29.4,0.2,46.4,0.11,22.9,0.8,0.2,0.0,0.77,12.51,0.0,2019,321.0,0.214,386.0
Spain,12.72,28101.53,78.6,2.1,19.0,0.04%,0.0,0.04,0.02,0.1,0.78,10.37,3370000.0,2019,321.0,0.281,262.0
Sri Lanka,4.1,4225.11,0.0,0.0,0.0,30.6,70.3,0.0,0.0,0.0,0.39,10.63,0.0,2019,321.0,0.223,499.0
Sub-Saharan Africa,5.84,1657.37,0.0,0.0,0.0,0,0.0,0.0,0.0,0.0,0.0,,0.0,2019,321.0,,258.03968253968253
Sudan,0.51,1198.52,5.4,90.7,1.0,0,0.0,2.8,0.0,0.0,0.17,3.82,0.0,2019,321.0,,258.03968253968253
Suriname,5.33,9035.2,51.6,15.2,5.4,19.80%,0.6,5.3,1.8,0.2,0.62,9.78,0.0,2019,321.0,,34.0
Sweden,8.93,53490.35,76.2,4.6,27.0,0.20%,0.4,0.2,0.2,0.1,0.84,12.61,0.0,2019,321.0,0.248,113.0
Switzerland,11.53,88413.2,81.3,5.5,11.9,0.40%,0.4,0.0,0.1,0.3,0.86,13.86,97945.0,2019,321.0,0.257,42.0
Syria,0.24,952.88,5.2,92.8,2.0,0,0.0,0.0,0.0,0.0,0.02,5.1,62.0,2019,321.0,,444.0
Tajikistan,3.28,1174.09,1.6,96.7,1.5,0.01,0.0,0.0,0.0,0.0,0.04,11.33,231.0,2019,321.0,,170.0
Tanzania,11.27,1071.35,61.4,35.2,1.4,0.1,0.0,1.8,0.07,0.0,0.32,6.37,0.0,2019,321.0,0.092,258.03968253968253
Thailand,8.3,6617.54,0.9,5.5,0.3,0.2,93.2,0.09,0.0,0.0,0.06,8.7,0.0,2019,321.0,0.225,258.03968253968253
Timor,2.17,1466.81,0.0,0.0,0.0,0,0.0,0.0,0.0,0.0,0.49,5.44,0.0,2019,321.0,0.39799999999999996,60.0
Togo,2.46,630.79,43.7,20.0,6.2,0,0.0,35.6,0.6,0.0,0.31,5.02,0.0,2019,321.0,0.071,723.0
Tonga,0.8,4652.59,99.0,0.1,0.0,0.10%,0.0,0.0,0.8,0.0,0.0,11.39,0.0,2019,321.0,0.311,4.0
Trinidad and Tobago,6.72,16192.32,65.9,5.9,1.9,22.70%,0.3,1.9,1.4,0.0,0.68,11.61,0.0,2019,321.0,,549.0
Tunisia,2.12,4206.95,0.2,99.5,0.2,0,0.0,0.0,0.0,0.1,0.68,7.43,37000.0,2019,321.0,0.25,410.0
Turkey,2.05,11955.43,0.4,98.0,1.2,0,0.05,0.03,0.2,0.03,0.09,8.63,24623.0,2019,321.0,0.309,258.03968253968253
Turkmenistan,4.93,7692.58,6.4,93.0,0.5,0,0.0,0.0,0.0,0.0,0.04,11.26,40040.0,2019,321.0,0.057999999999999996,169.0
Tuvalu,1.52,3674.35,99.8,0.2,0.0,0.00%,0.0,0.0,0.0,0.0,0.0,10.46,0.0,2019,362.0,0.36,258.03968253968253
Uganda,15.09,894.52,86.7,11.5,0.5,0.3,0.0,0.9,0.1,0.0,0.24,5.73,0.0,2019,321.0,0.08900000000000001,258.03968253968253
Ukraine,8.32,2425.63,83.8,1.2,14.7,0.00%,0.0,0.0,0.0,0.1,0.43,11.13,80650.0,2019,321.0,0.262,258.03968253968253
United Arab Emirates,3.9,40438.34,14.0,70.0,1.1,10,2.0,0.0,0.8,0.0,0.08,12.69,0.0,2019,321.0,,70.0
United Kingdom,11.45,47750.88,0.0,0.0,0.0,0,0.0,0.0,0.0,0.0,0.74,13.32,485.0,2019,321.0,0.161,868.0
United States,9.87,60836.77,78.3,0.9,16.4,0.60%,1.2,0.2,0.6,1.8,0.58,13.59,2583429.0,2019,321.0,0.23399999999999999,258.03968253968253
Upper middle income,6.96,9505.77,0.0,0.0,0.0,0,0.0,0.0,0.0,0.0,0.0,,0.0,2019,321.0,,258.03968253968253
Uruguay,6.92,16036.3,57.9,0.0,40.7,0.00%,0.0,0.8,0.3,0.3,0.83,8.98,60486.0,2019,321.0,0.22,295.0
Uzbekistan,2.59,3161.42,2.3,96.7,0.8,0.01,0.01,0.01,0.0,0.01,0.19,11.9,21567.0,2019,321.0,0.17800000000000002,485.0
Vanuatu,2.25,2900.49,93.3,0.1,1.2,0.00%,0.0,4.1,1.4,0.0,0.64,7.06,0.0,2019,321.0,0.182,7.0
Venezuela,4.14,13645.717828282824,89.3,0.3,10.0,0.00%,0.0,0.2,0.07,0.0,0.04,11.11,0.0,2019,321.0,,258.03968253968253
Vietnam,8.66,2604.22,8.2,0.2,29.6,0.21,16.4,45.3,0.4,0.0,0.21,8.37,14085.0,2019,321.0,0.25,258.03968253968253
World,6.18,11012.92,0.0,0.0,0.0,0,0.0,0.0,0.0,0.0,0.4,8.61,27025456.0,2019,321.0,0.22699999999999998,258.03968253968253
Yemen,0.05,13645.717828282824,0.2,99.1,0.1,0.6,0.0,0.0,0.0,0.0,0.03,3.2,0.0,2019,321.0,0.205,258.03968253968253
Zambia,6.54,1348.74,97.6,1.0,0.5,0.1,0.0,0.3,0.9,0.0,0.24,7.19,0.0,2019,321.0,0.146,258.03968253968253
Zimbabwe,4.67,1414.83,87.0,1.0,7.9,0,0.0,3.8,0.3,0.08,0.2,8.71,1361.0,2019,321.0,0.121,258.03968253968253
